filestorage://retinal/images/20131009/Img_cee0d57f-b66c-4913-beda-25705b710fee?Full=jpg;Thumbnail=jpg
filestorage://retinal/images/20131009/Img_d5108d04-a8a7-4d4b-b85f-a57c18934848?Full=jpg;Thumbnail=jpg
filestorage://retinal/images/20131009/Img_e2fb1020-1041-419d-9ba0-eeffd9f06e59?Full=jpg;Thumbnail=jpg
filestorage://retinal/images/20131009/Img_eadc1d1f-1133-44b7-bfc5-7584b56cacd7?Full=jpg;Thumbnail=jpg
filestorage://retinal/images/20131009/Img_ebeb463b-a46c-403a-86c2-f7971281d02e?Full=jpg;Thumbnail=jpg
filestorage://retinal/images/20131010/Img_02c29af8-3652-40b3-b3d2-9841824dd18e?Full=jpg;Thumbnail=jpg
filestorage://retinal/images/20131010/Img_0a35701d-94b7-4942-9ea4-9e263d057282?Full=jpg;Thumbnail=jpg
filestorage://retinal/images/20131010/Img_15e55310-d151-471f-928b-7920ef718577?Full=jpg;Thumbnail=jpg
filestorage://retinal/images/20131010/Img_327bb604-d8b1-4eba-ba46-d41b7f551431?Full=jpeg;Thumbnail=jpg
filestorage://retinal/images/20131010/Img_4182526a-1c58-4a51-aa1b-66edbef09348?Full=jpeg;Thumbnail=jpg
